date,hour,price,volume
01.05.2023,1,1698.0,3092.4
01.05.2023,2,1698.0,2795.5
01.05.2023,3,1698.0,2731.7
01.05.2023,4,1698.0,2680.5
01.05.2023,5,1698.0,2689.9
01.05.2023,6,1698.0,2876.6
01.05.2023,7,1750.0,3200.6
01.05.2023,8,2892.0,2844.2
01.05.2023,9,2646.25,2809.6
01.05.2023,10,2646.25,2596.7
01.05.2023,11,2646.25,2261.4
01.05.2023,12,2646.25,2069.1
01.05.2023,13,2646.25,1964.2
01.05.2023,14,2646.25,1954.6
01.05.2023,15,2646.25,2115.3
01.05.2023,16,2646.25,2074.7
01.05.2023,17,2646.25,2078.0
01.05.2023,18,2646.25,2158.8
01.05.2023,19,3350.0,2429.8
01.05.2023,20,3987.12,2809.1
01.05.2023,21,3965.0,3245.2
01.05.2023,22,4000.0,3321.2
01.05.2023,23,4000.0,3009.0
01.05.2023,24,1955.0,3475.8
02.05.2023,1,2000.0,3193.8
02.05.2023,2,2000.0,3022.5
02.05.2023,3,1965.0,2902.0
02.05.2023,4,1965.0,2837.2
02.05.2023,5,1965.0,2860.4
02.05.2023,6,2000.0,3012.5
02.05.2023,7,2000.0,3222.2
02.05.2023,8,3128.0,2968.8
02.05.2023,9,2890.0,2936.4
02.05.2023,10,2646.25,2721.7
02.05.2023,11,2646.25,2263.9
02.05.2023,12,2646.25,2150.6
02.05.2023,13,2646.25,1934.3
02.05.2023,14,2646.25,1925.4
02.05.2023,15,2646.25,2119.0
02.05.2023,16,2646.25,2040.5
02.05.2023,17,2646.25,2006.6
02.05.2023,18,2646.25,2083.8
02.05.2023,19,3662.0,2391.8
02.05.2023,20,3978.0,2777.4
02.05.2023,21,4000.0,2958.9
02.05.2023,22,4000.0,2917.2
02.05.2023,23,4000.0,2934.6
02.05.2023,24,2000.0,2828.9
03.05.2023,1,1964.0,3041.4
03.05.2023,2,1964.0,2786.9
03.05.2023,3,1964.0,2701.7
03.05.2023,4,1844.0,2633.3
03.05.2023,5,1844.0,2645.2
03.05.2023,6,1964.0,2814.7
03.05.2023,7,1964.0,3107.4
03.05.2023,8,3128.0,2943.9
03.05.2023,9,2885.0,2871.0
03.05.2023,10,2885.0,2710.3
03.05.2023,11,2646.25,2345.6
03.05.2023,12,2646.25,2193.5
03.05.2023,13,2646.25,1995.8
03.05.2023,14,2646.25,1994.4
03.05.2023,15,2646.25,2192.4
03.05.2023,16,2646.25,2126.9
03.05.2023,17,2646.25,2087.4
03.05.2023,18,2646.25,2092.4
03.05.2023,19,3960.0,2390.6
03.05.2023,20,3645.0,2838.0
03.05.2023,21,3984.31,3584.9
03.05.2023,22,4000.0,3721.7
03.05.2023,23,3960.0,3062.7
03.05.2023,24,1964.0,3362.3
04.05.2023,1,1964.0,3271.7
04.05.2023,2,2000.0,2869.9
04.05.2023,3,2000.0,2740.5
04.05.2023,4,2000.0,2674.1
04.05.2023,5,2000.0,2679.1
04.05.2023,6,2000.0,2865.3
04.05.2023,7,2000.0,3243.8
04.05.2023,8,4000.0,2842.0
04.05.2023,9,3971.18,2814.5
04.05.2023,10,2950.0,2750.4
04.05.2023,11,2992.0,2481.8
04.05.2023,12,2646.25,2303.1
04.05.2023,13,2646.25,2131.8
04.05.2023,14,2646.25,2132.0
04.05.2023,15,2646.25,2342.5
04.05.2023,16,2646.25,2260.7
04.05.2023,17,2646.25,2193.3
04.05.2023,18,3965.0,2230.0
04.05.2023,19,3965.0,2319.9
04.05.2023,20,3996.63,2810.0
04.05.2023,21,4000.0,3415.1
04.05.2023,22,4000.0,3534.5
04.05.2023,23,3996.73,2951.1
04.05.2023,24,1996.29,3318.0
05.05.2023,1,1995.77,2988.8
05.05.2023,2,1996.05,2597.3
05.05.2023,3,1964.0,2460.7
05.05.2023,4,1964.0,2418.1
05.05.2023,5,1964.0,2407.5
05.05.2023,6,1995.81,2583.8
05.05.2023,7,1995.82,3022.3
05.05.2023,8,3950.0,2446.0
05.05.2023,9,3265.0,2591.1
05.05.2023,10,2945.0,2468.6
05.05.2023,11,2646.25,2106.2
05.05.2023,12,2646.25,1895.9
05.05.2023,13,2646.25,1734.5
05.05.2023,14,2646.25,1742.2
05.05.2023,15,2646.25,1920.3
05.05.2023,16,2646.25,1859.2
05.05.2023,17,2646.25,1872.1
05.05.2023,18,2950.0,1920.4
05.05.2023,19,3350.0,1870.9
05.05.2023,20,3964.0,2251.9
05.05.2023,21,3964.0,2981.4
05.05.2023,22,4000.0,3251.0
05.05.2023,23,3964.0,2589.8
05.05.2023,24,2000.0,3333.1
06.05.2023,1,1972.0,2982.8
06.05.2023,2,1972.0,2690.1
06.05.2023,3,1972.0,2581.9
06.05.2023,4,1971.68,2490.5
06.05.2023,5,1972.0,2499.6
06.05.2023,6,1972.0,2579.4
06.05.2023,7,1970.11,2594.8
06.05.2023,8,2646.25,2543.1
06.05.2023,9,2646.25,2553.8
06.05.2023,10,2646.25,2408.3
06.05.2023,11,2646.25,2124.9
06.05.2023,12,2646.25,1812.3
06.05.2023,13,2646.25,1583.9
06.05.2023,14,2646.25,1532.8
06.05.2023,15,2646.25,1498.8
06.05.2023,16,2646.25,1488.3
06.05.2023,17,2646.25,1724.6
06.05.2023,18,2646.25,1935.1
06.05.2023,19,3150.0,1966.4
06.05.2023,20,3855.0,2231.1
06.05.2023,21,3855.0,2847.5
06.05.2023,22,3855.0,3019.1
06.05.2023,23,3762.0,2423.9
06.05.2023,24,1972.0,3234.4
07.05.2023,1,1995.35,2877.8
07.05.2023,2,1964.0,2594.9
07.05.2023,3,1964.0,2500.2
07.05.2023,4,1964.0,2438.2
07.05.2023,5,1964.0,2415.8
07.05.2023,6,1964.0,2503.5
07.05.2023,7,1964.0,2547.7
07.05.2023,8,2646.25,2435.3
07.05.2023,9,2646.25,2382.2
07.05.2023,10,2646.25,2299.1
07.05.2023,11,2646.25,2188.0
07.05.2023,12,2646.25,1929.9
07.05.2023,13,2646.25,1761.5
07.05.2023,14,2646.25,1686.5
07.05.2023,15,2646.25,1628.4
07.05.2023,16,2646.25,1632.3
07.05.2023,17,2646.25,1842.2
07.05.2023,18,3150.0,2221.6
07.05.2023,19,3971.19,2237.0
07.05.2023,20,3993.0,2382.4
07.05.2023,21,3995.26,2766.4
07.05.2023,22,3997.2,3001.4
07.05.2023,23,3970.55,2352.6
07.05.2023,24,1971.74,2955.3
08.05.2023,1,1996.37,2822.6
08.05.2023,2,1964.0,2614.4
08.05.2023,3,1964.0,2502.0
08.05.2023,4,1964.0,2399.7
08.05.2023,5,1964.0,2380.2
08.05.2023,6,1964.0,2577.5
08.05.2023,7,1995.69,2881.2
08.05.2023,8,3996.57,2839.6
08.05.2023,9,3995.78,3055.3
08.05.2023,10,3465.0,2850.2
08.05.2023,11,2646.25,2586.4
08.05.2023,12,2646.25,2262.6
08.05.2023,13,2646.25,2045.1
08.05.2023,14,2646.25,2029.0
08.05.2023,15,2646.25,2207.2
08.05.2023,16,2646.25,2169.4
08.05.2023,17,2646.25,2233.8
08.05.2023,18,3970.16,2323.9
08.05.2023,19,3971.82,2354.6
08.05.2023,20,3985.0,2569.3
08.05.2023,21,3995.76,3036.5
08.05.2023,22,4000.0,3318.6
08.05.2023,23,3995.73,2677.6
08.05.2023,24,1997.14,3257.5
09.05.2023,1,1972.0,2825.3
09.05.2023,2,1972.0,2683.6
09.05.2023,3,1972.0,2565.5
09.05.2023,4,1971.22,2448.9
09.05.2023,5,1972.0,2467.3
09.05.2023,6,1972.0,2654.8
09.05.2023,7,1995.62,2936.6
09.05.2023,8,3970.28,2711.7
09.05.2023,9,3965.9,2978.4
09.05.2023,10,3960.0,2881.5
09.05.2023,11,2646.25,2467.6
09.05.2023,12,2646.25,2178.1
09.05.2023,13,2646.25,1981.0
09.05.2023,14,2646.25,1955.7
09.05.2023,15,2646.25,2131.0
09.05.2023,16,2646.25,2076.3
09.05.2023,17,2646.25,2172.5
09.05.2023,18,3668.0,2278.8
09.05.2023,19,3945.0,2329.7
09.05.2023,20,3970.12,2650.4
09.05.2023,21,3986.0,3101.5
09.05.2023,22,4000.0,3319.9
09.05.2023,23,3970.04,2615.9
09.05.2023,24,1972.0,3147.2
10.05.2023,1,1975.0,2654.0
10.05.2023,2,1975.0,2522.2
10.05.2023,3,1971.38,2369.1
10.05.2023,4,1970.0,2318.2
10.05.2023,5,1970.49,2336.1
10.05.2023,6,1971.9,2467.5
10.05.2023,7,1971.55,2746.8
10.05.2023,8,3945.0,2626.1
10.05.2023,9,3450.0,2824.7
10.05.2023,10,3265.0,2734.4
10.05.2023,11,2646.25,2307.9
10.05.2023,12,2646.25,2042.7
10.05.2023,13,2646.25,1805.1
10.05.2023,14,2646.25,1804.6
10.05.2023,15,2646.25,1986.9
10.05.2023,16,2646.25,1953.8
10.05.2023,17,2992.0,2314.2
10.05.2023,18,2992.0,2235.1
10.05.2023,19,3965.37,2263.4
10.05.2023,20,4000.0,2510.0
10.05.2023,21,4000.0,3029.9
10.05.2023,22,4000.0,3005.0
10.05.2023,23,4000.0,2694.0
10.05.2023,24,2000.0,3192.5
11.05.2023,1,1984.0,2545.4
11.05.2023,2,1984.0,2345.1
11.05.2023,3,1970.38,2298.1
11.05.2023,4,1965.42,2296.8
11.05.2023,5,1971.42,2319.5
11.05.2023,6,1984.0,2448.5
11.05.2023,7,1984.0,2614.0
11.05.2023,8,3965.98,2566.2
11.05.2023,9,3465.0,2416.7
11.05.2023,10,2950.0,2179.9
11.05.2023,11,2646.25,2029.6
11.05.2023,12,2646.25,1910.3
11.05.2023,13,2646.25,1682.2
11.05.2023,14,2646.25,1645.1
11.05.2023,15,2646.25,1766.5
11.05.2023,16,2646.25,1732.7
11.05.2023,17,2646.25,1821.1
11.05.2023,18,3496.0,1997.1
11.05.2023,19,3965.67,2264.2
11.05.2023,20,3855.0,2518.3
11.05.2023,21,3971.6,3150.6
11.05.2023,22,4000.0,3365.2
11.05.2023,23,3970.19,2811.7
11.05.2023,24,1984.0,2985.5
12.05.2023,1,1985.64,2496.5
12.05.2023,2,1988.0,2278.0
12.05.2023,3,1954.0,2304.0
12.05.2023,4,1954.0,2331.2
12.05.2023,5,1954.0,2330.8
12.05.2023,6,1954.0,2362.5
12.05.2023,7,1949.0,2552.2
12.05.2023,8,3565.0,2445.2
12.05.2023,9,3565.0,2389.8
12.05.2023,10,3128.0,2251.1
12.05.2023,11,3092.0,1901.7
12.05.2023,12,2646.25,1668.6
12.05.2023,13,2646.25,1480.3
12.05.2023,14,2646.25,1462.5
12.05.2023,15,2646.25,1613.1
12.05.2023,16,2646.25,1601.1
12.05.2023,17,2646.25,1898.0
12.05.2023,18,3350.0,1959.2
12.05.2023,19,3954.0,2316.6
12.05.2023,20,3859.0,2463.1
12.05.2023,21,3685.0,2790.6
12.05.2023,22,3859.0,3052.6
12.05.2023,23,3859.0,2457.5
12.05.2023,24,1988.0,2897.2
13.05.2023,1,2000.0,2532.7
13.05.2023,2,1971.0,2345.3
13.05.2023,3,1846.0,2325.8
13.05.2023,4,1846.0,2369.7
13.05.2023,5,1846.0,2365.6
13.05.2023,6,1846.0,2362.7
13.05.2023,7,1709.0,2302.2
13.05.2023,8,3050.0,2326.6
13.05.2023,9,2948.0,2206.8
13.05.2023,10,2939.0,2042.8
13.05.2023,11,2646.25,1750.3
13.05.2023,12,2646.25,1402.8
13.05.2023,13,2646.25,1167.4
13.05.2023,14,2646.25,1104.0
13.05.2023,15,2646.25,1068.9
13.05.2023,16,2646.25,1138.2
13.05.2023,17,2646.25,1384.2
13.05.2023,18,3150.0,1771.0
13.05.2023,19,3967.0,2242.3
13.05.2023,20,3755.0,2495.9
13.05.2023,21,3755.0,2842.7
13.05.2023,22,3967.0,3030.5
13.05.2023,23,3755.0,2585.8
13.05.2023,24,1972.0,2600.1
14.05.2023,1,2000.0,2480.4
14.05.2023,2,1983.0,2287.1
14.05.2023,3,1845.0,2342.3
14.05.2023,4,1845.0,2374.8
14.05.2023,5,1845.0,2353.2
14.05.2023,6,1845.0,2357.0
14.05.2023,7,1709.0,2291.2
14.05.2023,8,3128.0,2273.5
14.05.2023,9,3110.0,2085.9
14.05.2023,10,2949.0,1737.3
14.05.2023,11,2646.25,1470.5
14.05.2023,12,2646.25,1023.2
14.05.2023,13,2646.25,919.8
14.05.2023,14,2646.25,899.3
14.05.2023,15,2646.25,875.0
14.05.2023,16,2646.25,939.5
14.05.2023,17,2646.25,1249.2
14.05.2023,18,2646.25,1525.0
14.05.2023,19,3755.0,2263.2
14.05.2023,20,3986.28,2597.1
14.05.2023,21,3954.0,2837.0
14.05.2023,22,3967.0,2896.1
14.05.2023,23,4000.0,2697.5
14.05.2023,24,2000.0,2441.1
15.05.2023,1,2000.0,2392.0
15.05.2023,2,1845.0,2165.0
15.05.2023,3,1709.0,2050.6
15.05.2023,4,1709.0,2070.0
15.05.2023,5,1709.0,2094.7
15.05.2023,6,1845.0,2233.9
15.05.2023,7,1983.0,2442.0
15.05.2023,8,3985.31,2527.0
15.05.2023,9,3128.0,2387.4
15.05.2023,10,2990.0,2199.5
15.05.2023,11,2646.25,1801.1
15.05.2023,12,2646.25,1487.4
15.05.2023,13,2646.25,1305.1
15.05.2023,14,2646.25,1283.1
15.05.2023,15,2646.25,1595.4
15.05.2023,16,2646.25,1588.9
15.05.2023,17,2646.25,1575.4
15.05.2023,18,2992.0,1683.8
15.05.2023,19,4000.0,2413.2
15.05.2023,20,3985.72,2356.8
15.05.2023,21,3855.0,2693.6
15.05.2023,22,4000.0,3022.1
15.05.2023,23,3985.37,2582.2
15.05.2023,24,1986.59,2686.6
16.05.2023,1,1998.73,2390.6
16.05.2023,2,2000.0,2269.3
16.05.2023,3,2000.0,2137.7
16.05.2023,4,2000.0,2111.8
16.05.2023,5,2000.0,2125.4
16.05.2023,6,2000.0,2162.1
16.05.2023,7,2000.0,2329.6
16.05.2023,8,4000.0,2157.3
16.05.2023,9,4000.0,2152.1
16.05.2023,10,3997.8,2088.9
16.05.2023,11,3330.0,1800.8
16.05.2023,12,2646.25,1501.7
16.05.2023,13,2646.25,1289.5
16.05.2023,14,2646.25,1281.2
16.05.2023,15,2646.25,1586.6
16.05.2023,16,2646.25,1510.5
16.05.2023,17,3330.0,1519.5
16.05.2023,18,3988.0,1646.8
16.05.2023,19,4000.0,1929.7
16.05.2023,20,4000.0,1815.8
16.05.2023,21,4000.0,1950.6
16.05.2023,22,4000.0,1863.5
16.05.2023,23,4000.0,1744.0
16.05.2023,24,2000.0,1908.6
17.05.2023,1,2000.0,1924.0
17.05.2023,2,1986.85,1794.4
17.05.2023,3,1983.0,1667.3
17.05.2023,4,1983.0,1725.3
17.05.2023,5,1983.0,1761.4
17.05.2023,6,1983.0,1806.9
17.05.2023,7,2000.0,2117.4
17.05.2023,8,3986.98,2121.9
17.05.2023,9,3980.89,1965.1
17.05.2023,10,3630.0,1806.4
17.05.2023,11,3630.0,1686.6
17.05.2023,12,2646.25,1386.0
17.05.2023,13,2646.25,1206.0
17.05.2023,14,2646.25,1223.2
17.05.2023,15,2646.25,1544.8
17.05.2023,16,2646.25,1326.2
17.05.2023,17,3250.0,1452.3
17.05.2023,18,3955.0,1427.2
17.05.2023,19,4000.0,1922.9
17.05.2023,20,4000.0,1624.3
17.05.2023,21,4000.0,1710.5
17.05.2023,22,4000.0,1678.7
17.05.2023,23,4000.0,1543.2
17.05.2023,24,2000.0,1711.7
18.05.2023,1,2000.0,1867.0
18.05.2023,2,1983.0,1768.2
18.05.2023,3,1980.58,1633.9
18.05.2023,4,1979.61,1659.3
18.05.2023,5,1980.09,1691.7
18.05.2023,6,1980.45,1715.9
18.05.2023,7,2000.0,2044.0
18.05.2023,8,3980.28,2107.1
18.05.2023,9,3890.0,1941.4
18.05.2023,10,3265.0,1978.5
18.05.2023,11,2646.25,1808.0
18.05.2023,12,2646.25,1273.0
18.05.2023,13,2646.25,1097.4
18.05.2023,14,2646.25,1122.3
18.05.2023,15,2646.25,1406.6
18.05.2023,16,2646.25,1370.5
18.05.2023,17,2646.25,1519.7
18.05.2023,18,3955.0,1495.4
18.05.2023,19,4000.0,1767.6
18.05.2023,20,4000.0,1648.6
18.05.2023,21,4000.0,1833.3
18.05.2023,22,4000.0,1797.1
18.05.2023,23,4000.0,1782.0
18.05.2023,24,2000.0,1893.3
19.05.2023,1,2000.0,1931.2
19.05.2023,2,1986.02,1971.0
19.05.2023,3,1983.0,1836.7
19.05.2023,4,1983.0,1817.1
19.05.2023,5,1983.0,1834.1
19.05.2023,6,1983.0,1905.8
19.05.2023,7,2000.0,2053.4
19.05.2023,8,3979.44,2057.0
19.05.2023,9,3980.39,1970.3
19.05.2023,10,3265.0,1953.4
19.05.2023,11,2646.25,1559.9
19.05.2023,12,2646.25,1075.3
19.05.2023,13,2646.25,946.6
19.05.2023,14,2646.25,1000.9
19.05.2023,15,2646.25,1237.2
19.05.2023,16,2646.25,1219.7
19.05.2023,17,2646.25,1471.6
19.05.2023,18,3955.0,1491.3
19.05.2023,19,4000.0,1741.9
19.05.2023,20,4000.0,1580.5
19.05.2023,21,4000.0,1885.3
19.05.2023,22,4000.0,1854.9
19.05.2023,23,4000.0,1722.0
19.05.2023,24,2000.0,1959.9
20.05.2023,1,1994.91,2049.1
20.05.2023,2,1983.0,2131.0
20.05.2023,3,1983.0,1980.8
20.05.2023,4,1983.0,1933.5
20.05.2023,5,1983.0,1936.0
20.05.2023,6,1983.0,1939.8
20.05.2023,7,1974.0,2006.5
20.05.2023,8,3050.0,2031.4
20.05.2023,9,3050.0,2025.1
20.05.2023,10,2780.0,1818.9
20.05.2023,11,2646.25,1493.3
20.05.2023,12,2646.25,1015.5
20.05.2023,13,2646.25,902.7
20.05.2023,14,2646.25,881.1
20.05.2023,15,2646.25,882.4
20.05.2023,16,2646.25,884.7
20.05.2023,17,2646.25,1252.8
20.05.2023,18,3550.0,1509.0
20.05.2023,19,3974.0,1732.5
20.05.2023,20,4000.0,1736.6
20.05.2023,21,4000.0,1956.9
20.05.2023,22,4000.0,1956.0
20.05.2023,23,4000.0,1934.9
20.05.2023,24,2000.0,1929.3
21.05.2023,1,1995.52,1907.7
21.05.2023,2,1994.69,1998.4
21.05.2023,3,1983.0,1863.2
21.05.2023,4,1983.0,1797.4
21.05.2023,5,1983.0,1785.6
21.05.2023,6,1983.0,1834.0
21.05.2023,7,1983.0,1953.7
21.05.2023,8,3128.0,2097.6
21.05.2023,9,3128.0,1958.6
21.05.2023,10,2646.25,1829.0
21.05.2023,11,2646.25,1193.5
21.05.2023,12,2646.25,894.2
21.05.2023,13,2646.25,627.3
21.05.2023,14,2646.25,551.9
21.05.2023,15,2646.25,535.0
21.05.2023,16,2646.25,619.5
21.05.2023,17,2646.25,1046.3
21.05.2023,18,2646.25,1428.5
21.05.2023,19,3980.36,1700.5
21.05.2023,20,4000.0,1772.5
21.05.2023,21,4000.0,1800.3
21.05.2023,22,4000.0,1651.4
21.05.2023,23,4000.0,1684.8
21.05.2023,24,2000.0,1844.7
22.05.2023,1,1983.0,1781.3
22.05.2023,2,1983.0,1929.9
22.05.2023,3,1983.0,1840.5
22.05.2023,4,1983.0,1806.0
22.05.2023,5,1983.0,1824.4
22.05.2023,6,1983.0,1851.3
22.05.2023,7,2000.0,2192.0
22.05.2023,8,3985.62,2334.9
22.05.2023,9,3985.8,2198.1
22.05.2023,10,3986.27,2034.4
22.05.2023,11,2646.25,1506.2
22.05.2023,12,2646.25,1081.9
22.05.2023,13,2646.25,860.1
22.05.2023,14,2646.25,858.5
22.05.2023,15,2646.25,1193.4
22.05.2023,16,2646.25,1227.6
22.05.2023,17,2646.25,1529.2
22.05.2023,18,3985.58,1715.8
22.05.2023,19,4000.0,1933.1
22.05.2023,20,4000.0,1909.5
22.05.2023,21,4000.0,1979.2
22.05.2023,22,4000.0,1991.2
22.05.2023,23,4000.0,1927.7
22.05.2023,24,2000.0,1980.4
23.05.2023,1,2000.0,1788.5
23.05.2023,2,2000.0,1938.1
23.05.2023,3,2000.0,1844.9
23.05.2023,4,2000.0,1821.7
23.05.2023,5,2000.0,1851.7
23.05.2023,6,2000.0,1945.0
23.05.2023,7,2000.0,1783.0
23.05.2023,8,4000.0,1851.0
23.05.2023,9,4000.0,1913.8
23.05.2023,10,3980.14,1778.0
23.05.2023,11,2646.25,1515.5
23.05.2023,12,2646.25,1110.3
23.05.2023,13,2646.25,939.5
23.05.2023,14,2646.25,965.5
23.05.2023,15,2646.25,1285.9
23.05.2023,16,2646.25,1304.5
23.05.2023,17,3985.0,1536.4
23.05.2023,18,4000.0,1457.9
23.05.2023,19,4000.0,1373.4
23.05.2023,20,4000.0,1632.9
23.05.2023,21,4000.0,1594.8
23.05.2023,22,4000.0,1588.6
23.05.2023,23,4000.0,1673.0
23.05.2023,24,2000.0,1440.5
24.05.2023,1,2000.0,2042.1
24.05.2023,2,1995.71,1907.6
24.05.2023,3,1989.0,1800.8
24.05.2023,4,1989.0,1792.6
24.05.2023,5,1994.5,1818.0
24.05.2023,6,1994.6,1909.9
24.05.2023,7,2000.0,2205.9
24.05.2023,8,3979.56,2208.8
24.05.2023,9,3640.0,2065.4
24.05.2023,10,3328.0,1968.5
24.05.2023,11,2646.25,1466.0
24.05.2023,12,2646.25,1080.2
24.05.2023,13,2646.25,947.4
24.05.2023,14,2646.25,942.1
24.05.2023,15,2646.25,1268.4
24.05.2023,16,2646.25,1316.0
24.05.2023,17,3980.44,1716.2
24.05.2023,18,3985.82,1865.1
24.05.2023,19,4000.0,1778.6
24.05.2023,20,4000.0,1777.6
24.05.2023,21,4000.0,1657.9
24.05.2023,22,4000.0,1783.2
24.05.2023,23,4000.0,1810.1
24.05.2023,24,2000.0,1739.4
25.05.2023,1,2000.0,2046.1
25.05.2023,2,2000.0,1928.6
25.05.2023,3,1994.62,1835.7
25.05.2023,4,1995.5,1817.2
25.05.2023,5,2000.0,1847.1
25.05.2023,6,2000.0,1907.5
25.05.2023,7,2000.0,2206.7
25.05.2023,8,3986.36,2143.0
25.05.2023,9,3986.14,2188.7
25.05.2023,10,3128.0,1966.5
25.05.2023,11,2646.25,1344.2
25.05.2023,12,2646.25,944.1
25.05.2023,13,2646.25,866.0
25.05.2023,14,2646.25,842.5
25.05.2023,15,2646.25,1167.7
25.05.2023,16,2646.25,1173.4
25.05.2023,17,2950.0,1524.7
25.05.2023,18,3994.51,1771.1
25.05.2023,19,4000.0,2044.0
25.05.2023,20,4000.0,2182.4
25.05.2023,21,4000.0,2355.4
25.05.2023,22,4000.0,2326.1
25.05.2023,23,4000.0,2127.1
25.05.2023,24,2000.0,2214.3
26.05.2023,1,2000.0,1636.8
26.05.2023,2,2000.0,1779.7
26.05.2023,3,2000.0,1813.5
26.05.2023,4,2000.0,1823.3
26.05.2023,5,2000.0,1824.0
26.05.2023,6,2000.0,1902.4
26.05.2023,7,2000.0,2004.9
26.05.2023,8,4000.0,2181.7
26.05.2023,9,4000.0,2466.2
26.05.2023,10,3985.51,2310.5
26.05.2023,11,2646.25,1459.3
26.05.2023,12,2646.25,1114.3
26.05.2023,13,2646.25,853.8
26.05.2023,14,2646.25,795.0
26.05.2023,15,2646.25,1115.6
26.05.2023,16,2646.25,1157.0
26.05.2023,17,3979.91,1784.9
26.05.2023,18,3994.62,1907.2
26.05.2023,19,4000.0,1787.3
26.05.2023,20,4000.0,1773.8
26.05.2023,21,4000.0,2204.2
26.05.2023,22,4000.0,2127.7
26.05.2023,23,4000.0,1612.2
26.05.2023,24,2000.0,1640.5
27.05.2023,1,2000.0,1574.4
27.05.2023,2,2000.0,1677.2
27.05.2023,3,2000.0,1712.2
27.05.2023,4,2000.0,1680.2
27.05.2023,5,2000.0,1698.0
27.05.2023,6,2000.0,1747.5
27.05.2023,7,2000.0,1922.9
27.05.2023,8,3995.48,2158.2
27.05.2023,9,3980.24,2044.1
27.05.2023,10,3994.72,2110.2
27.05.2023,11,2646.25,1235.9
27.05.2023,12,2646.25,1048.0
27.05.2023,13,2646.25,948.0
27.05.2023,14,2646.25,953.5
27.05.2023,15,2646.25,927.9
27.05.2023,16,2646.25,957.7
27.05.2023,17,2646.25,1780.3
27.05.2023,18,3955.0,1788.9
27.05.2023,19,4000.0,1735.4
27.05.2023,20,4000.0,1804.6
27.05.2023,21,4000.0,2106.3
27.05.2023,22,4000.0,2101.8
27.05.2023,23,4000.0,1774.2
27.05.2023,24,2000.0,1652.0
28.05.2023,1,2000.0,1629.9
28.05.2023,2,2000.0,1613.9
28.05.2023,3,2000.0,1628.8
28.05.2023,4,2000.0,1605.4
28.05.2023,5,2000.0,1630.2
28.05.2023,6,2000.0,1750.6
28.05.2023,7,2000.0,1935.2
28.05.2023,8,3200.0,2045.5
28.05.2023,9,3040.0,2145.2
28.05.2023,10,2920.0,2070.5
28.05.2023,11,2646.25,1169.0
28.05.2023,12,2646.25,1134.6
28.05.2023,13,2646.25,1038.9
28.05.2023,14,2646.25,978.6
28.05.2023,15,2646.25,874.3
28.05.2023,16,2646.25,906.9
28.05.2023,17,2646.25,1373.8
28.05.2023,18,3550.0,1768.9
28.05.2023,19,3955.0,1935.9
28.05.2023,20,4000.0,2211.1
28.05.2023,21,4000.0,2557.3
28.05.2023,22,4000.0,2535.3
28.05.2023,23,4000.0,2188.4
28.05.2023,24,2000.0,1926.8
29.05.2023,1,2000.0,1787.7
29.05.2023,2,2000.0,1831.3
29.05.2023,3,2000.0,1840.2
29.05.2023,4,2000.0,1734.3
29.05.2023,5,2000.0,1737.5
29.05.2023,6,2000.0,1832.7
29.05.2023,7,2000.0,2138.4
29.05.2023,8,4000.0,2246.4
29.05.2023,9,3994.49,2176.5
29.05.2023,10,3120.0,1935.1
29.05.2023,11,2646.25,1527.3
29.05.2023,12,2646.25,1144.3
29.05.2023,13,2646.25,1027.9
29.05.2023,14,2646.25,1007.0
29.05.2023,15,2646.25,1181.1
29.05.2023,16,2646.25,1235.0
29.05.2023,17,2646.25,1655.3
29.05.2023,18,3980.87,1845.1
29.05.2023,19,3994.5,1938.2
29.05.2023,20,3998.49,2293.1
29.05.2023,21,4000.0,2756.7
29.05.2023,22,4000.0,2743.3
29.05.2023,23,4000.0,2319.6
29.05.2023,24,2000.0,2151.5
30.05.2023,1,2000.0,1751.8
30.05.2023,2,2000.0,1948.4
30.05.2023,3,2000.0,2018.7
30.05.2023,4,2000.0,1953.4
30.05.2023,5,2000.0,1962.0
30.05.2023,6,2000.0,1774.1
30.05.2023,7,2000.0,2164.9
30.05.2023,8,3994.78,2414.0
30.05.2023,9,3994.59,2348.9
30.05.2023,10,3428.0,2271.9
30.05.2023,11,2646.25,1697.6
30.05.2023,12,2646.25,1408.9
30.05.2023,13,2646.25,1192.8
30.05.2023,14,2646.25,1192.1
30.05.2023,15,2646.25,1410.1
30.05.2023,16,2646.25,1449.6
30.05.2023,17,3994.61,1931.8
30.05.2023,18,3994.6,1895.8
30.05.2023,19,4000.0,2121.8
30.05.2023,20,4000.0,2148.9
30.05.2023,21,4000.0,2791.5
30.05.2023,22,4000.0,2786.9
30.05.2023,23,4000.0,2140.8
30.05.2023,24,2000.0,2213.3
31.05.2023,1,2000.0,1766.5
31.05.2023,2,2000.0,1962.5
31.05.2023,3,2000.0,1845.7
31.05.2023,4,2000.0,1787.0
31.05.2023,5,2000.0,1810.3
31.05.2023,6,2000.0,1754.8
31.05.2023,7,2000.0,2186.2
31.05.2023,8,3994.82,2425.4
31.05.2023,9,3978.0,2333.2
31.05.2023,10,3020.0,2279.6
31.05.2023,11,2646.25,1650.0
31.05.2023,12,2646.25,1371.9
31.05.2023,13,2646.25,1246.9
31.05.2023,14,2646.25,1255.4
31.05.2023,15,2646.25,1444.0
31.05.2023,16,2646.25,1493.4
31.05.2023,17,3994.81,1778.0
31.05.2023,18,3994.79,2047.7
31.05.2023,19,4000.0,2150.4
31.05.2023,20,4000.0,2257.3
31.05.2023,21,4000.0,2674.9
31.05.2023,22,4000.0,2652.2
31.05.2023,23,4000.0,2136.7
31.05.2023,24,2000.0,1858.3
01.06.2023,1,2000.0,1932.4
01.06.2023,2,2000.0,2005.6
01.06.2023,3,1995.92,1851.5
01.06.2023,4,2000.0,1811.2
01.06.2023,5,2000.0,1817.6
01.06.2023,6,2000.0,1898.3
01.06.2023,7,2000.0,2470.8
01.06.2023,8,3994.8,2502.3
01.06.2023,9,3979.8,2470.7
01.06.2023,10,3250.0,2421.0
01.06.2023,11,2646.25,1800.9
01.06.2023,12,2646.25,1236.8
01.06.2023,13,2646.25,1067.7
01.06.2023,14,2646.25,1091.9
01.06.2023,15,2646.25,1173.5
01.06.2023,16,2646.25,1291.0
01.06.2023,17,3330.0,1637.7
01.06.2023,18,3994.59,2046.2
01.06.2023,19,4000.0,2016.2
01.06.2023,20,4000.0,2035.6
01.06.2023,21,4000.0,2483.3
01.06.2023,22,4000.0,2428.5
01.06.2023,23,4000.0,2032.7
01.06.2023,24,2000.0,1978.0
02.06.2023,1,2000.0,1800.0
02.06.2023,2,2000.0,1818.0
02.06.2023,3,2000.0,1723.5
02.06.2023,4,2000.0,1656.9
02.06.2023,5,2000.0,1662.7
02.06.2023,6,2000.0,1753.0
02.06.2023,7,2000.0,2202.9
02.06.2023,8,4000.0,2354.8
02.06.2023,9,3996.09,2460.7
02.06.2023,10,3018.0,2147.7
02.06.2023,11,2646.25,1550.5
02.06.2023,12,2646.25,929.8
02.06.2023,13,2646.25,780.4
02.06.2023,14,2646.25,780.1
02.06.2023,15,2646.25,963.0
02.06.2023,16,2646.25,1060.8
02.06.2023,17,2646.25,1723.1
02.06.2023,18,3100.0,1761.2
02.06.2023,19,4000.0,2046.4
02.06.2023,20,4000.0,1895.6
02.06.2023,21,4000.0,2533.5
02.06.2023,22,4000.0,2576.5
02.06.2023,23,4000.0,2006.7
02.06.2023,24,2000.0,2211.9
03.06.2023,1,2000.0,1621.8
03.06.2023,2,2000.0,1640.4
03.06.2023,3,2000.0,1623.1
03.06.2023,4,2000.0,1556.0
03.06.2023,5,2000.0,1540.1
03.06.2023,6,2000.0,1642.7
03.06.2023,7,2000.0,1823.4
03.06.2023,8,3996.6,2095.4
03.06.2023,9,4000.0,2101.1
03.06.2023,10,3989.69,2314.9
03.06.2023,11,2646.25,1522.0
03.06.2023,12,2646.25,1325.1
03.06.2023,13,2646.25,1073.7
03.06.2023,14,2646.25,1030.4
03.06.2023,15,2646.25,998.9
03.06.2023,16,2646.25,1064.7
03.06.2023,17,2646.25,1328.7
03.06.2023,18,3774.0,1934.1
03.06.2023,19,4000.0,2128.4
03.06.2023,20,4000.0,1962.5
03.06.2023,21,4000.0,2469.6
03.06.2023,22,4000.0,2448.1
03.06.2023,23,4000.0,1907.0
03.06.2023,24,2000.0,1779.0
04.06.2023,1,2000.0,1268.1
04.06.2023,2,2000.0,1194.2
04.06.2023,3,2000.0,1159.4
04.06.2023,4,2000.0,1256.9
04.06.2023,5,2000.0,1311.7
04.06.2023,6,2000.0,1450.7
04.06.2023,7,2000.0,1895.3
04.06.2023,8,3225.0,1910.6
04.06.2023,9,2646.25,1868.0
04.06.2023,10,2646.25,1833.8
04.06.2023,11,2646.25,1043.6
04.06.2023,12,2646.25,845.1
04.06.2023,13,2646.25,706.1
04.06.2023,14,2646.25,556.1
04.06.2023,15,2646.25,586.2
04.06.2023,16,2646.25,743.8
04.06.2023,17,2646.25,997.2
04.06.2023,18,3978.0,1794.4
04.06.2023,19,3994.58,1837.1
04.06.2023,20,4000.0,2020.9
04.06.2023,21,4000.0,2439.6
04.06.2023,22,4000.0,2250.6
04.06.2023,23,4000.0,2078.9
04.06.2023,24,2000.0,1632.9
05.06.2023,1,2000.0,1396.6
05.06.2023,2,2000.0,1470.4
05.06.2023,3,2000.0,1474.6
05.06.2023,4,2000.0,1394.5
05.06.2023,5,2000.0,1380.8
05.06.2023,6,2000.0,1755.7
05.06.2023,7,2000.0,2038.0
05.06.2023,8,4000.0,2333.7
05.06.2023,9,4000.0,2151.0
05.06.2023,10,3995.69,2257.9
05.06.2023,11,2646.25,1472.0
05.06.2023,12,2646.25,957.6
05.06.2023,13,2646.25,748.8
05.06.2023,14,2646.25,686.8
05.06.2023,15,2646.25,1019.0
05.06.2023,16,2646.25,982.0
05.06.2023,17,3990.61,1277.1
05.06.2023,18,4000.0,1813.1
05.06.2023,19,4000.0,1928.7
05.06.2023,20,4000.0,1854.8
05.06.2023,21,4000.0,2525.0
05.06.2023,22,4000.0,2441.0
05.06.2023,23,4000.0,1922.5
05.06.2023,24,2000.0,1493.9
06.06.2023,1,2000.0,1249.9
06.06.2023,2,2000.0,1330.4
06.06.2023,3,2000.0,1320.0
06.06.2023,4,2000.0,1228.8
06.06.2023,5,2000.0,1220.4
06.06.2023,6,2000.0,1384.5
06.06.2023,7,2000.0,1750.1
06.06.2023,8,4000.0,2298.3
06.06.2023,9,3994.62,2243.9
06.06.2023,10,3220.0,2036.5
06.06.2023,11,2646.25,1640.7
06.06.2023,12,2646.25,1084.3
06.06.2023,13,2646.25,900.8
06.06.2023,14,2646.25,890.5
06.06.2023,15,2646.25,1334.7
06.06.2023,16,2646.25,1346.9
06.06.2023,17,3994.58,1652.9
06.06.2023,18,4000.0,1972.4
06.06.2023,19,4000.0,1944.5
06.06.2023,20,4000.0,1609.5
06.06.2023,21,4000.0,2020.5
06.06.2023,22,4000.0,1926.1
06.06.2023,23,4000.0,1544.6
06.06.2023,24,2000.0,1294.7
07.06.2023,1,2000.0,1265.5
07.06.2023,2,2000.0,1335.1
07.06.2023,3,2000.0,1327.1
07.06.2023,4,2000.0,1252.7
07.06.2023,5,2000.0,1244.1
07.06.2023,6,2000.0,1372.7
07.06.2023,7,2000.0,1754.3
07.06.2023,8,4000.0,2096.6
07.06.2023,9,3994.59,1961.7
07.06.2023,10,3994.6,2133.0
07.06.2023,11,2646.25,1639.6
07.06.2023,12,2646.25,1112.8
07.06.2023,13,2646.25,899.9
07.06.2023,14,2646.25,935.4
07.06.2023,15,2646.25,1375.0
07.06.2023,16,2646.25,1413.6
07.06.2023,17,4000.0,1653.5
07.06.2023,18,4000.0,1781.9
07.06.2023,19,4000.0,1771.1
07.06.2023,20,4000.0,1612.8
07.06.2023,21,4000.0,1920.2
07.06.2023,22,4000.0,1838.0
07.06.2023,23,4000.0,1485.7
07.06.2023,24,2000.0,1304.9
08.06.2023,1,2000.0,1383.3
08.06.2023,2,2000.0,1410.3
08.06.2023,3,2000.0,1441.5
08.06.2023,4,2000.0,1360.0
08.06.2023,5,2000.0,1371.9
08.06.2023,6,2000.0,1533.1
08.06.2023,7,2000.0,1873.1
08.06.2023,8,4000.0,2500.4
08.06.2023,9,4000.0,2579.2
08.06.2023,10,4000.0,2265.8
08.06.2023,11,3995.32,2173.6
08.06.2023,12,2646.25,1237.1
08.06.2023,13,2646.25,1027.0
08.06.2023,14,2646.25,1076.1
08.06.2023,15,2646.25,1446.6
08.06.2023,16,2646.25,1568.0
08.06.2023,17,3994.58,1882.8
08.06.2023,18,3994.61,1943.7
08.06.2023,19,4000.0,1851.2
08.06.2023,20,4000.0,1657.9
08.06.2023,21,4000.0,2014.7
08.06.2023,22,4000.0,1952.7
08.06.2023,23,4000.0,1471.2
08.06.2023,24,2000.0,1415.3
09.06.2023,1,2000.0,1533.8
09.06.2023,2,2000.0,1641.3
09.06.2023,3,2000.0,1664.0
09.06.2023,4,2000.0,1584.2
09.06.2023,5,2000.0,1610.1
09.06.2023,6,2000.0,1762.9
09.06.2023,7,2000.0,1990.4
09.06.2023,8,4000.0,2346.9
09.06.2023,9,4000.0,2446.5
09.06.2023,10,3994.5,2498.7
09.06.2023,11,2950.0,2318.2
09.06.2023,12,2646.25,1326.5
09.06.2023,13,2646.25,1075.1
09.06.2023,14,2646.25,1080.6
09.06.2023,15,2646.25,1515.1
09.06.2023,16,2646.25,1638.2
09.06.2023,17,3978.0,2293.3
09.06.2023,18,3978.0,2130.0
09.06.2023,19,3995.31,2307.5
09.06.2023,20,4000.0,2321.7
09.06.2023,21,4000.0,2824.8
09.06.2023,22,4000.0,2782.0
09.06.2023,23,4000.0,2184.6
09.06.2023,24,2000.0,1701.2
10.06.2023,1,2000.0,1444.7
10.06.2023,2,2000.0,1564.7
10.06.2023,3,2000.0,1614.1
10.06.2023,4,2000.0,1540.8
10.06.2023,5,2000.0,1550.9
10.06.2023,6,2000.0,1695.7
10.06.2023,7,2000.0,1918.3
10.06.2023,8,3865.0,2339.3
10.06.2023,9,3994.59,2541.2
10.06.2023,10,3994.79,2689.4
10.06.2023,11,3150.0,2565.6
10.06.2023,12,2646.25,1711.1
10.06.2023,13,2646.25,1400.5
10.06.2023,14,2646.25,1339.6
10.06.2023,15,2646.25,1295.2
10.06.2023,16,2646.25,1389.5
10.06.2023,17,2646.25,2069.9
10.06.2023,18,2646.25,1700.2
10.06.2023,19,3774.0,1962.9
10.06.2023,20,3996.1,2215.2
10.06.2023,21,4000.0,2719.0
10.06.2023,22,4000.0,2752.0
10.06.2023,23,4000.0,2081.6
10.06.2023,24,2000.0,1675.7
11.06.2023,1,2000.0,1207.0
11.06.2023,2,2000.0,1249.4
11.06.2023,3,2000.0,1307.9
11.06.2023,4,2000.0,1238.0
11.06.2023,5,2000.0,1257.6
11.06.2023,6,2000.0,1386.6
11.06.2023,7,2000.0,1585.8
11.06.2023,8,3994.6,2169.3
11.06.2023,9,3995.91,2407.8
11.06.2023,10,3994.61,2421.9
11.06.2023,11,3990.87,2054.7
11.06.2023,12,2646.25,1516.0
11.06.2023,13,2646.25,1320.9
11.06.2023,14,2646.25,1157.6
11.06.2023,15,2646.25,1077.0
11.06.2023,16,2646.25,1059.8
11.06.2023,17,3528.0,1539.2
11.06.2023,18,2646.25,1329.2
11.06.2023,19,4000.0,1706.9
11.06.2023,20,4000.0,1924.0
11.06.2023,21,4000.0,2536.0
11.06.2023,22,4000.0,2559.8
11.06.2023,23,4000.0,1909.2
11.06.2023,24,2000.0,1282.8
